date,description
,www.sapphire.ru
2022-07-20,QIWI Кошелек
2022-06-20,QIWI Кошелек
,1С Интерес
,IP Genseckij
,Dubl V Centr
,Читай-город
,Yakaboo
,OOO Sonata
,Jlcpcb.Com
,Aliexpress.com
,Sp_Agua
,Ubisoft
,Steam
,Gog.com
,Xsolla
,Sony Playstation
,Valve
,Tkani Na Dimitrova
,1c Multimedia
,Detskij Mir
,Amazon.com
,Bumaga Povolzhe
,Foroffice.ru
,Geek Trip
,Igrogeniy
,KazanExpress
,Medtekhnika
,Voltmaster
,Sopytka
,Zona-3d
,Леонардо
,Чип и Дип
,Все Свои
2022-06-25,Алексей К
2022-06-25,Алексей К
2021-06-10,Алексей К
2021-05-18,Алексей К
2021-04-20,Алексей К
2021-03-28,Алексей К
2020-12-29,Алексей К
2020-11-20,Алексей К
2020-09-29,Алексей К
2022-03-27,Перевод на карту
2022-02-14,Перевод на карту
2021-12-21,Полина Г
2021-08-28,Кевин Норви Б
2021-08-10,Наталья Д
2021-03-25,Полина Г
2021-03-05,Перевод на карту
2020-10-29,Наталья Д