description,date
True Stones Store
RegStaer
Yantarnaya Manufactura
Cvety
Цветочка
Робокасса
Bukedo.ru
Kurer Servis Ekspress
Bratishka
IP Uglova
Золотое яблоко
Tvojtaj
Energiya Krasoty
Servis Plus
Cosmotheca
Y.M.shop
Quizy
Voentorg
Dubl V Centr
Segpaycom
Kamery Khraneniya
Kepitel Sinema
Avito
Headhunter
Tts May
Centr Klyuchej
Rbk.Bunnylove
OOO Iberiya
СТАРТ
IP Avdeyeva
Aroma-Accent.Ru
Balakovo Lenina
IP Gensetskiy
IP Sagirov
IP Tarantseva
Kirova
Moj Gorod
Alfa
Iberiya
Rasskazovo Fabrichny
Sk Group
Vkusnaya Pomoshh
Vlyublennyiiykrolik
chargex
Бери заряд
Wholesale
Галамарт
СОК Самара
Internet- Magazin
iHerb
Комиссия
Плата за
через Райф
РАЙФ
Альфа Страхование
Перевод на карту,2019-09-21
Игорь Г,2019-04-05
Перевод на карту,2017-01-16